"","site","year","qtr","quarterly_extent","max_extent","percent_coverage","time_point","region","treatment","siteIDX","treatmentIDX","regionIDX","timeIDX","time_adjusted"
"1","LA",1984,2,45,5231,0.860256165169184,1,"LA","urban",1,2,1,1,3001
"2","LA",1984,3,499,5231,9.53928503154273,2,"LA","urban",1,2,1,2,3002
"3","LA",1985,1,1449,5231,27.7002485184477,3,"LA","urban",1,2,1,3,3003
"4","LA",1985,2,1336,5231,25.5400497036895,4,"LA","urban",1,2,1,4,3004
"5","LA",1985,3,321,5231,6.13649397820684,5,"LA","urban",1,2,1,5,3005
"6","LA",1986,1,195,5231,3.72777671573313,6,"LA","urban",1,2,1,6,3006
"7","LA",1986,2,69,5231,1.31905945325942,7,"LA","urban",1,2,1,7,3007
"8","LA",1986,3,744,5231,14.2229019307972,8,"LA","urban",1,2,1,8,3008
"9","LA",1986,4,5231,5231,100,9,"LA","urban",1,2,1,9,3009
"10","LA",1987,1,265,5231,5.06595297266297,10,"LA","urban",1,2,1,10,3010
"11","LA",1987,2,2596,5231,49.6272223284267,11,"LA","urban",1,2,1,11,3011
"12","LA",1987,3,867,5231,16.5742687822596,12,"LA","urban",1,2,1,12,3012
"13","LA",1987,4,431,5231,8.23934238195374,13,"LA","urban",1,2,1,13,3013
"14","LA",1988,2,0,5231,0,14,"LA","urban",1,2,1,14,3014
"15","LA",1988,3,600,5231,11.4700822022558,15,"LA","urban",1,2,1,15,3015
"16","LA",1988,4,1227,5231,23.4563181036131,16,"LA","urban",1,2,1,16,3016
"17","LA",1989,2,1472,5231,28.1399350028675,17,"LA","urban",1,2,1,17,3017
"18","LA",1989,3,71,5231,1.35729306060027,18,"LA","urban",1,2,1,18,3018
"19","LA",1989,4,853,5231,16.3066335308736,19,"LA","urban",1,2,1,19,3019
"20","LA",1990,1,553,5231,10.5715924297457,20,"LA","urban",1,2,1,20,3020
"21","LA",1990,2,212,5231,4.05276237813038,21,"LA","urban",1,2,1,21,3021
"22","LA",1990,3,0,5231,0,22,"LA","urban",1,2,1,22,3022
"23","LA",1991,1,183,5231,3.49837507168801,23,"LA","urban",1,2,1,23,3023
"24","LA",1991,2,1229,5231,23.4945517109539,24,"LA","urban",1,2,1,24,3024
"25","LA",1991,3,195,5231,3.72777671573313,25,"LA","urban",1,2,1,25,3025
"26","LA",1991,4,442,5231,8.44962722232843,26,"LA","urban",1,2,1,26,3026
"27","LA",1992,1,147,5231,2.81017013955267,27,"LA","urban",1,2,1,27,3027
"28","LA",1992,2,93,5231,1.77786274134965,28,"LA","urban",1,2,1,28,3028
"29","LA",1992,3,1053,5231,20.1299942649589,29,"LA","urban",1,2,1,29,3029
"30","LA",1992,4,1086,5231,20.760848786083,30,"LA","urban",1,2,1,30,3030
"31","LA",1993,2,1118,5231,21.3725865035366,31,"LA","urban",1,2,1,31,3031
"32","LA",1993,3,201,5231,3.84247753775569,32,"LA","urban",1,2,1,32,3032
"33","LA",1993,4,165,5231,3.15427260562034,33,"LA","urban",1,2,1,33,3033
"34","LA",1994,2,54,5231,1.03230739820302,34,"LA","urban",1,2,1,34,3034
"35","LA",1994,3,76,5231,1.4528770789524,35,"LA","urban",1,2,1,35,3035
"36","LA",1994,4,513,5231,9.80692028292869,36,"LA","urban",1,2,1,36,3036
"37","LA",1995,1,764,5231,14.6052380042057,37,"LA","urban",1,2,1,37,3037
"38","LA",1995,3,193,5231,3.68954310839228,38,"LA","urban",1,2,1,38,3038
"39","LA",1995,4,191,5231,3.65130950105142,39,"LA","urban",1,2,1,39,3039
"40","LA",1996,1,692,5231,13.228828139935,40,"LA","urban",1,2,1,40,3040
"41","LA",1996,2,507,5231,9.69221946090614,41,"LA","urban",1,2,1,41,3041
"42","LA",1996,3,2,5231,0.0382336073408526,42,"LA","urban",1,2,1,42,3042
"43","LA",1996,4,995,5231,19.0212196520742,43,"LA","urban",1,2,1,43,3043
"44","LA",1997,1,167,5231,3.19250621296119,44,"LA","urban",1,2,1,44,3044
"45","LA",1997,2,1739,5231,33.2441215828713,45,"LA","urban",1,2,1,45,3045
"46","LA",1997,3,18,5231,0.344102466067673,46,"LA","urban",1,2,1,46,3046
"47","LA",1997,4,183,5231,3.49837507168801,47,"LA","urban",1,2,1,47,3047
"48","LA",1998,1,0,5231,0,48,"LA","urban",1,2,1,48,3048
"49","LA",1998,2,6,5231,0.114700822022558,49,"LA","urban",1,2,1,49,3049
"50","LA",1998,3,15,5231,0.286752055056395,50,"LA","urban",1,2,1,50,3050
"51","LA",1998,4,494,5231,9.44370101319059,51,"LA","urban",1,2,1,51,3051
"52","LA",1999,1,713,5231,13.630281017014,52,"LA","urban",1,2,1,52,3052
"53","LA",1999,2,1445,5231,27.623781303766,53,"LA","urban",1,2,1,53,3053
"54","LA",1999,3,222,5231,4.24393041483464,54,"LA","urban",1,2,1,54,3054
"55","LA",1999,4,1581,5231,30.223666602944,55,"LA","urban",1,2,1,55,3055
"56","LA",2000,1,85,5231,1.62492831198624,56,"LA","urban",1,2,1,56,3056
"57","LA",2000,4,612,5231,11.6994838463009,57,"LA","urban",1,2,1,57,3057
"58","LA",2001,1,657,5231,12.5597400114701,58,"LA","urban",1,2,1,58,3058
"59","LA",2001,2,548,5231,10.4760084113936,59,"LA","urban",1,2,1,59,3059
"60","LA",2001,3,23,5231,0.439686484419805,60,"LA","urban",1,2,1,60,3060
"61","LA",2001,4,1295,5231,24.7562607532021,61,"LA","urban",1,2,1,61,3061
"62","LA",2002,1,2456,5231,46.950869814567,62,"LA","urban",1,2,1,62,3062
"63","LA",2002,2,502,5231,9.59663544255401,63,"LA","urban",1,2,1,63,3063
"64","LA",2002,4,199,5231,3.80424393041483,64,"LA","urban",1,2,1,64,3064
"65","LA",2003,1,989,5231,18.9065188300516,65,"LA","urban",1,2,1,65,3065
"66","LA",2003,2,1535,5231,29.3442936341044,66,"LA","urban",1,2,1,66,3066
"67","LA",2003,3,393,5231,7.51290384247754,67,"LA","urban",1,2,1,67,3067
"68","LA",2003,4,535,5231,10.2274899636781,68,"LA","urban",1,2,1,68,3068
"69","LA",2004,1,887,5231,16.9566048556681,69,"LA","urban",1,2,1,69,3069
"70","LA",2004,2,893,5231,17.0713056776907,70,"LA","urban",1,2,1,70,3070
"71","LA",2004,3,16,5231,0.305868858726821,71,"LA","urban",1,2,1,71,3071
"72","LA",2004,4,39,5231,0.745555343146626,72,"LA","urban",1,2,1,72,3072
"73","LA",2005,1,1118,5231,21.3725865035366,73,"LA","urban",1,2,1,73,3073
"74","LA",2005,2,3089,5231,59.0518065379469,74,"LA","urban",1,2,1,74,3074
"75","LA",2005,3,487,5231,9.30988338749761,75,"LA","urban",1,2,1,75,3075
"76","LA",2005,4,1373,5231,26.2473714394953,76,"LA","urban",1,2,1,76,3076
"77","LA",2006,1,13,5231,0.248518447715542,77,"LA","urban",1,2,1,77,3077
"78","LA",2006,2,369,5231,7.05410055438731,78,"LA","urban",1,2,1,78,3078
"79","LA",2006,3,255,5231,4.87478493595871,79,"LA","urban",1,2,1,79,3079
"80","LA",2006,4,1023,5231,19.5564901548461,80,"LA","urban",1,2,1,80,3080
"81","LA",2007,2,1367,5231,26.1326706174728,81,"LA","urban",1,2,1,81,3081
"82","LA",2007,3,58,5231,1.10877461288473,82,"LA","urban",1,2,1,82,3082
"83","LA",2008,1,120,5231,2.29401644045116,83,"LA","urban",1,2,1,83,3083
"84","LA",2008,2,1537,5231,29.3825272414452,84,"LA","urban",1,2,1,84,3084
"85","LA",2008,3,53,5231,1.01319059453259,85,"LA","urban",1,2,1,85,3085
"86","LA",2008,4,1778,5231,33.989676926018,86,"LA","urban",1,2,1,86,3086
"87","LA",2009,1,1891,5231,36.1498757407761,87,"LA","urban",1,2,1,87,3087
"88","LA",2009,2,433,5231,8.27757598929459,88,"LA","urban",1,2,1,88,3088
"89","LA",2009,3,228,5231,4.3586312368572,89,"LA","urban",1,2,1,89,3089
"90","LA",2009,4,1552,5231,29.6692792965016,90,"LA","urban",1,2,1,90,3090
"91","LA",2010,1,287,5231,5.48652265341235,91,"LA","urban",1,2,1,91,3091
"92","LA",2010,2,1386,5231,26.4958898872109,92,"LA","urban",1,2,1,92,3092
"93","LA",2010,3,496,5231,9.48193462053145,93,"LA","urban",1,2,1,93,3093
"94","LA",2010,4,1210,5231,23.1313324412158,94,"LA","urban",1,2,1,94,3094
"95","LA",2011,1,36,5231,0.688204932135347,95,"LA","urban",1,2,1,95,3095
"96","LA",2011,3,571,5231,10.9156948958134,96,"LA","urban",1,2,1,96,3096
"97","LA_control",1984,1,0,32186,0,1,"LA","nonurban",2,1,1,1,3001
"98","LA_control",1984,2,0,32186,0,2,"LA","nonurban",2,1,1,2,3002
"99","LA_control",1984,3,8027,32186,24.9394146523333,3,"LA","nonurban",2,1,1,3,3003
"100","LA_control",1985,1,4358,32186,13.5400484682781,4,"LA","nonurban",2,1,1,4,3004
"101","LA_control",1985,2,6230,32186,19.3562418442801,5,"LA","nonurban",2,1,1,5,3005
"102","LA_control",1985,3,5708,32186,17.7344186913565,6,"LA","nonurban",2,1,1,6,3006
"103","LA_control",1985,4,0,32186,0,7,"LA","nonurban",2,1,1,7,3007
"104","LA_control",1986,1,223,32186,0.692847822034425,8,"LA","nonurban",2,1,1,8,3008
"105","LA_control",1986,2,767,32186,2.3830236748897,9,"LA","nonurban",2,1,1,9,3009
"106","LA_control",1986,3,0,32186,0,10,"LA","nonurban",2,1,1,10,3010
"107","LA_control",1986,4,9388,32186,29.1679612253775,11,"LA","nonurban",2,1,1,11,3011
"108","LA_control",1987,1,792,32186,2.4606971975393,12,"LA","nonurban",2,1,1,12,3012
"109","LA_control",1987,2,4226,32186,13.1299322686882,13,"LA","nonurban",2,1,1,13,3013
"110","LA_control",1987,3,5115,32186,15.892002734108,14,"LA","nonurban",2,1,1,14,3014
"111","LA_control",1987,4,18,32186,0.0559249363077114,15,"LA","nonurban",2,1,1,15,3015
"112","LA_control",1988,2,1717,32186,5.33461753557447,16,"LA","nonurban",2,1,1,16,3016
"113","LA_control",1988,3,277,32186,0.860622630957559,17,"LA","nonurban",2,1,1,17,3017
"114","LA_control",1988,4,3064,32186,9.51966693593488,18,"LA","nonurban",2,1,1,18,3018
"115","LA_control",1989,1,57,32186,0.177095631641086,19,"LA","nonurban",2,1,1,19,3019
"116","LA_control",1989,2,3100,32186,9.6315168085503,20,"LA","nonurban",2,1,1,20,3020
"117","LA_control",1989,3,1074,32186,3.33685453302678,21,"LA","nonurban",2,1,1,21,3021
"118","LA_control",1989,4,346,32186,1.07500155347045,22,"LA","nonurban",2,1,1,22,3022
"119","LA_control",1990,1,404,32186,1.25520412601752,23,"LA","nonurban",2,1,1,23,3023
"120","LA_control",1990,2,752,32186,2.33641956129994,24,"LA","nonurban",2,1,1,24,3024
"121","LA_control",1990,3,483,32186,1.50065245759026,25,"LA","nonurban",2,1,1,25,3025
"122","LA_control",1990,4,297,32186,0.922761449077238,26,"LA","nonurban",2,1,1,26,3026
"123","LA_control",1991,1,0,32186,0,27,"LA","nonurban",2,1,1,27,3027
"124","LA_control",1991,2,3835,32186,11.9151183744485,28,"LA","nonurban",2,1,1,28,3028
"125","LA_control",1991,3,3536,32186,10.9861430435593,29,"LA","nonurban",2,1,1,29,3029
"126","LA_control",1991,4,664,32186,2.06300876157335,30,"LA","nonurban",2,1,1,30,3030
"127","LA_control",1992,1,212,32186,0.658671472068601,31,"LA","nonurban",2,1,1,31,3031
"128","LA_control",1992,2,2,32186,0.00621388181196794,32,"LA","nonurban",2,1,1,32,3032
"129","LA_control",1992,3,3529,32186,10.9643944572174,33,"LA","nonurban",2,1,1,33,3033
"130","LA_control",1992,4,62,32186,0.192630336171006,34,"LA","nonurban",2,1,1,34,3034
"131","LA_control",1993,1,251,32186,0.779842167401976,35,"LA","nonurban",2,1,1,35,3035
"132","LA_control",1993,2,1322,32186,4.10737587771081,36,"LA","nonurban",2,1,1,36,3036
"133","LA_control",1993,3,68,32186,0.21127198160691,37,"LA","nonurban",2,1,1,37,3037
"134","LA_control",1993,4,626,32186,1.94494500714596,38,"LA","nonurban",2,1,1,38,3038
"135","LA_control",1994,1,7,32186,0.0217485863418878,39,"LA","nonurban",2,1,1,39,3039
"136","LA_control",1994,2,7473,32186,23.2181693904182,40,"LA","nonurban",2,1,1,40,3040
"137","LA_control",1994,3,9811,32186,30.4821972286087,41,"LA","nonurban",2,1,1,41,3041
"138","LA_control",1994,4,3647,32186,11.3310134841235,42,"LA","nonurban",2,1,1,42,3042
"139","LA_control",1995,1,75,32186,0.233020567948798,43,"LA","nonurban",2,1,1,43,3043
"140","LA_control",1995,2,342,32186,1.06257378984652,44,"LA","nonurban",2,1,1,44,3044
"141","LA_control",1995,3,25,32186,0.0776735226495992,45,"LA","nonurban",2,1,1,45,3045
"142","LA_control",1995,4,1956,32186,6.07717641210464,46,"LA","nonurban",2,1,1,46,3046
"143","LA_control",1996,1,644,32186,2.00086994345368,47,"LA","nonurban",2,1,1,47,3047
"144","LA_control",1996,2,100,32186,0.310694090598397,48,"LA","nonurban",2,1,1,48,3048
"145","LA_control",1996,3,190,32186,0.590318772136954,49,"LA","nonurban",2,1,1,49,3049
"146","LA_control",1996,4,282,32186,0.876157335487479,50,"LA","nonurban",2,1,1,50,3050
"147","LA_control",1997,1,122,32186,0.379046790530044,51,"LA","nonurban",2,1,1,51,3051
"148","LA_control",1997,2,1569,32186,4.87479028148885,52,"LA","nonurban",2,1,1,52,3052
"149","LA_control",1997,3,869,32186,2.69993164730007,53,"LA","nonurban",2,1,1,53,3053
"150","LA_control",1997,4,15,32186,0.0466041135897595,54,"LA","nonurban",2,1,1,54,3054
"151","LA_control",1998,1,0,32186,0,55,"LA","nonurban",2,1,1,55,3055
"152","LA_control",1998,2,35,32186,0.108742931709439,56,"LA","nonurban",2,1,1,56,3056
"153","LA_control",1998,3,36,32186,0.111849872615423,57,"LA","nonurban",2,1,1,57,3057
"154","LA_control",1998,4,0,32186,0,58,"LA","nonurban",2,1,1,58,3058
"155","LA_control",1999,1,62,32186,0.192630336171006,59,"LA","nonurban",2,1,1,59,3059
"156","LA_control",1999,2,33,32186,0.102529049897471,60,"LA","nonurban",2,1,1,60,3060
"157","LA_control",1999,3,36,32186,0.111849872615423,61,"LA","nonurban",2,1,1,61,3061
"158","LA_control",1999,4,709,32186,2.20282110234263,62,"LA","nonurban",2,1,1,62,3062
"159","LA_control",2000,1,212,32186,0.658671472068601,63,"LA","nonurban",2,1,1,63,3063
"160","LA_control",2000,2,7,32186,0.0217485863418878,64,"LA","nonurban",2,1,1,64,3064
"161","LA_control",2000,3,0,32186,0,65,"LA","nonurban",2,1,1,65,3065
"162","LA_control",2000,4,46,32186,0.142919281675263,66,"LA","nonurban",2,1,1,66,3066
"163","LA_control",2001,1,149,32186,0.462934194991611,67,"LA","nonurban",2,1,1,67,3067
"164","LA_control",2001,2,141,32186,0.43807866774374,68,"LA","nonurban",2,1,1,68,3068
"165","LA_control",2001,3,990,32186,3.07587149692413,69,"LA","nonurban",2,1,1,69,3069
"166","LA_control",2001,4,154,32186,0.478468899521531,70,"LA","nonurban",2,1,1,70,3070
"167","LA_control",2002,1,208,32186,0.646243708444665,71,"LA","nonurban",2,1,1,71,3071
"168","LA_control",2002,2,3897,32186,12.1077487106195,72,"LA","nonurban",2,1,1,72,3072
"169","LA_control",2002,3,478,32186,1.48511775306034,73,"LA","nonurban",2,1,1,73,3073
"170","LA_control",2002,4,3950,32186,12.2724165786367,74,"LA","nonurban",2,1,1,74,3074
"171","LA_control",2003,1,766,32186,2.37991673398372,75,"LA","nonurban",2,1,1,75,3075
"172","LA_control",2003,2,3586,32186,11.1414900888585,76,"LA","nonurban",2,1,1,76,3076
"173","LA_control",2003,3,32186,32186,100,77,"LA","nonurban",2,1,1,77,3077
"174","LA_control",2003,4,6310,32186,19.6047971167588,78,"LA","nonurban",2,1,1,78,3078
"175","LA_control",2004,1,7478,32186,23.2337040949481,79,"LA","nonurban",2,1,1,79,3079
"176","LA_control",2004,2,19203,32186,59.6625862176101,80,"LA","nonurban",2,1,1,80,3080
"177","LA_control",2004,3,39,32186,0.121170695333375,81,"LA","nonurban",2,1,1,81,3081
"178","LA_control",2004,4,11301,32186,35.1115391785248,82,"LA","nonurban",2,1,1,82,3082
"179","LA_control",2005,1,12925,32186,40.1572112098428,83,"LA","nonurban",2,1,1,83,3083
"180","LA_control",2005,2,24074,32186,74.7964953706581,84,"LA","nonurban",2,1,1,84,3084
"181","LA_control",2005,3,26628,32186,82.7316224445411,85,"LA","nonurban",2,1,1,85,3085
"182","LA_control",2005,4,20434,32186,63.4872304728764,86,"LA","nonurban",2,1,1,86,3086
"183","LA_control",2006,1,13778,32186,42.8074318026471,87,"LA","nonurban",2,1,1,87,3087
"184","LA_control",2006,2,7679,32186,23.8581992170509,88,"LA","nonurban",2,1,1,88,3088
"185","LA_control",2006,3,3744,32186,11.632386752004,89,"LA","nonurban",2,1,1,89,3089
"186","LA_control",2006,4,6767,32186,21.0246691107935,90,"LA","nonurban",2,1,1,90,3090
"187","LA_control",2007,1,13260,32186,41.1980364133474,91,"LA","nonurban",2,1,1,91,3091
"188","LA_control",2007,2,17770,32186,55.2103398993351,92,"LA","nonurban",2,1,1,92,3092
"189","LA_control",2007,3,5183,32186,16.1032747157149,93,"LA","nonurban",2,1,1,93,3093
"190","LA_control",2008,1,418,32186,1.2987012987013,94,"LA","nonurban",2,1,1,94,3094
"191","LA_control",2008,2,1047,32186,3.25296712856521,95,"LA","nonurban",2,1,1,95,3095
"192","LA_control",2008,3,453,32186,1.40744423041074,96,"LA","nonurban",2,1,1,96,3096
"193","LA_control",2008,4,2749,32186,8.54098055054993,97,"LA","nonurban",2,1,1,97,3097
"194","LA_control",2009,1,1347,32186,4.1850494003604,98,"LA","nonurban",2,1,1,98,3098
"195","LA_control",2009,2,1251,32186,3.88678307338594,99,"LA","nonurban",2,1,1,99,3099
"196","LA_control",2009,3,7910,32186,24.5759025663332,100,"LA","nonurban",2,1,1,100,3100
"197","LA_control",2009,4,23,32186,0.0714596408376313,101,"LA","nonurban",2,1,1,101,3101
"198","LA_control",2010,1,420,32186,1.30491518051327,102,"LA","nonurban",2,1,1,102,3102
"199","LA_control",2010,2,1864,32186,5.79133784875412,103,"LA","nonurban",2,1,1,103,3103
"200","LA_control",2010,3,14016,32186,43.5468837382713,104,"LA","nonurban",2,1,1,104,3104
"201","LA_control",2010,4,10544,32186,32.759584912695,105,"LA","nonurban",2,1,1,105,3105
"202","LA_control",2011,1,72,32186,0.223699745230846,106,"LA","nonurban",2,1,1,106,3106
"203","LA_control",2011,2,0,32186,0,107,"LA","nonurban",2,1,1,107,3107
"204","LA_control",2011,3,2713,32186,8.42913067793451,108,"LA","nonurban",2,1,1,108,3108
"205","LA_control",2011,4,0,32186,0,109,"LA","nonurban",2,1,1,109,3109
"206","SB",1984,2,206,373,55.2278820375335,1,"SB","urban",3,2,2,1,1001
"207","SB",1984,4,12,373,3.2171581769437,2,"SB","urban",3,2,2,2,1002
"208","SB",1985,1,78,373,20.911528150134,3,"SB","urban",3,2,2,3,1003
"209","SB",1985,3,4,373,1.07238605898123,4,"SB","urban",3,2,2,4,1004
"210","SB",1985,4,0,373,0,5,"SB","urban",3,2,2,5,1005
"211","SB",1986,1,95,373,25.4691689008043,6,"SB","urban",3,2,2,6,1006
"212","SB",1986,2,75,373,20.1072386058981,7,"SB","urban",3,2,2,7,1007
"213","SB",1986,3,6,373,1.60857908847185,8,"SB","urban",3,2,2,8,1008
"214","SB",1986,4,47,373,12.6005361930295,9,"SB","urban",3,2,2,9,1009
"215","SB",1987,1,285,373,76.4075067024129,10,"SB","urban",3,2,2,10,1010
"216","SB",1987,2,96,373,25.7372654155496,11,"SB","urban",3,2,2,11,1011
"217","SB",1987,3,27,373,7.23860589812332,12,"SB","urban",3,2,2,12,1012
"218","SB",1987,4,9,373,2.41286863270777,13,"SB","urban",3,2,2,13,1013
"219","SB",1988,1,0,373,0,14,"SB","urban",3,2,2,14,1014
"220","SB",1988,2,0,373,0,15,"SB","urban",3,2,2,15,1015
"221","SB",1988,3,12,373,3.2171581769437,16,"SB","urban",3,2,2,16,1016
"222","SB",1988,4,37,373,9.91957104557641,17,"SB","urban",3,2,2,17,1017
"223","SB",1989,1,277,373,74.2627345844504,18,"SB","urban",3,2,2,18,1018
"224","SB",1989,2,86,373,23.0563002680965,19,"SB","urban",3,2,2,19,1019
"225","SB",1989,3,22,373,5.89812332439678,20,"SB","urban",3,2,2,20,1020
"226","SB",1989,4,251,373,67.2922252010724,21,"SB","urban",3,2,2,21,1021
"227","SB",1990,1,48,373,12.8686327077748,22,"SB","urban",3,2,2,22,1022
"228","SB",1990,2,104,373,27.8820375335121,23,"SB","urban",3,2,2,23,1023
"229","SB",1990,3,6,373,1.60857908847185,24,"SB","urban",3,2,2,24,1024
"230","SB",1991,2,45,373,12.0643431635389,25,"SB","urban",3,2,2,25,1025
"231","SB",1991,3,0,373,0,26,"SB","urban",3,2,2,26,1026
"232","SB",1991,4,29,373,7.77479892761394,27,"SB","urban",3,2,2,27,1027
"233","SB",1992,2,35,373,9.38337801608579,28,"SB","urban",3,2,2,28,1028
"234","SB",1992,3,1,373,0.268096514745308,29,"SB","urban",3,2,2,29,1029
"235","SB",1992,4,136,373,36.4611260053619,30,"SB","urban",3,2,2,30,1030
"236","SB",1993,1,3,373,0.804289544235925,31,"SB","urban",3,2,2,31,1031
"237","SB",1993,2,34,373,9.11528150134048,32,"SB","urban",3,2,2,32,1032
"238","SB",1993,3,0,373,0,33,"SB","urban",3,2,2,33,1033
"239","SB",1993,4,0,373,0,34,"SB","urban",3,2,2,34,1034
"240","SB",1994,1,30,373,8.04289544235925,35,"SB","urban",3,2,2,35,1035
"241","SB",1994,2,215,373,57.6407506702413,36,"SB","urban",3,2,2,36,1036
"242","SB",1994,3,13,373,3.48525469168901,37,"SB","urban",3,2,2,37,1037
"243","SB",1994,4,35,373,9.38337801608579,38,"SB","urban",3,2,2,38,1038
"244","SB",1995,1,19,373,5.09383378016086,39,"SB","urban",3,2,2,39,1039
"245","SB",1995,2,59,373,15.8176943699732,40,"SB","urban",3,2,2,40,1040
"246","SB",1995,3,8,373,2.14477211796247,41,"SB","urban",3,2,2,41,1041
"247","SB",1995,4,0,373,0,42,"SB","urban",3,2,2,42,1042
"248","SB",1996,1,0,373,0,43,"SB","urban",3,2,2,43,1043
"249","SB",1996,2,21,373,5.63002680965147,44,"SB","urban",3,2,2,44,1044
"250","SB",1996,3,20,373,5.36193029490617,45,"SB","urban",3,2,2,45,1045
"251","SB",1996,4,27,373,7.23860589812332,46,"SB","urban",3,2,2,46,1046
"252","SB",1997,1,56,373,15.0134048257373,47,"SB","urban",3,2,2,47,1047
"253","SB",1997,2,105,373,28.1501340482574,48,"SB","urban",3,2,2,48,1048
"254","SB",1997,3,0,373,0,49,"SB","urban",3,2,2,49,1049
"255","SB",1997,4,0,373,0,50,"SB","urban",3,2,2,50,1050
"256","SB",1998,1,0,373,0,51,"SB","urban",3,2,2,51,1051
"257","SB",1998,2,0,373,0,52,"SB","urban",3,2,2,52,1052
"258","SB",1998,3,0,373,0,53,"SB","urban",3,2,2,53,1053
"259","SB",1998,4,0,373,0,54,"SB","urban",3,2,2,54,1054
"260","SB",1999,1,45,373,12.0643431635389,55,"SB","urban",3,2,2,55,1055
"261","SB",1999,2,38,373,10.1876675603217,56,"SB","urban",3,2,2,56,1056
"262","SB",1999,3,37,373,9.91957104557641,57,"SB","urban",3,2,2,57,1057
"263","SB",1999,4,55,373,14.745308310992,58,"SB","urban",3,2,2,58,1058
"264","SB",2000,2,9,373,2.41286863270777,59,"SB","urban",3,2,2,59,1059
"265","SB",2000,3,25,373,6.70241286863271,60,"SB","urban",3,2,2,60,1060
"266","SB",2000,4,121,373,32.4396782841823,61,"SB","urban",3,2,2,61,1061
"267","SB",2001,1,27,373,7.23860589812332,62,"SB","urban",3,2,2,62,1062
"268","SB",2001,2,10,373,2.68096514745308,63,"SB","urban",3,2,2,63,1063
"269","SB",2001,3,0,373,0,64,"SB","urban",3,2,2,64,1064
"270","SB",2001,4,56,373,15.0134048257373,65,"SB","urban",3,2,2,65,1065
"271","SB",2002,1,16,373,4.28954423592493,66,"SB","urban",3,2,2,66,1066
"272","SB",2002,2,70,373,18.7667560321716,67,"SB","urban",3,2,2,67,1067
"273","SB",2002,3,69,373,18.4986595174263,68,"SB","urban",3,2,2,68,1068
"274","SB",2002,4,28,373,7.50670241286863,69,"SB","urban",3,2,2,69,1069
"275","SB",2003,1,6,373,1.60857908847185,70,"SB","urban",3,2,2,70,1070
"276","SB",2003,2,35,373,9.38337801608579,71,"SB","urban",3,2,2,71,1071
"277","SB",2003,3,41,373,10.9919571045576,72,"SB","urban",3,2,2,72,1072
"278","SB",2004,1,111,373,29.7587131367292,73,"SB","urban",3,2,2,73,1073
"279","SB",2004,2,38,373,10.1876675603217,74,"SB","urban",3,2,2,74,1074
"280","SB",2004,3,25,373,6.70241286863271,75,"SB","urban",3,2,2,75,1075
"281","SB",2004,4,95,373,25.4691689008043,76,"SB","urban",3,2,2,76,1076
"282","SB",2005,1,0,373,0,77,"SB","urban",3,2,2,77,1077
"283","SB",2005,2,43,373,11.5281501340483,78,"SB","urban",3,2,2,78,1078
"284","SB",2005,3,28,373,7.50670241286863,79,"SB","urban",3,2,2,79,1079
"285","SB",2005,4,89,373,23.8605898123324,80,"SB","urban",3,2,2,80,1080
"286","SB",2006,1,25,373,6.70241286863271,81,"SB","urban",3,2,2,81,1081
"287","SB",2006,3,24,373,6.4343163538874,82,"SB","urban",3,2,2,82,1082
"288","SB",2006,4,19,373,5.09383378016086,83,"SB","urban",3,2,2,83,1083
"289","SB",2007,1,123,373,32.9758713136729,84,"SB","urban",3,2,2,84,1084
"290","SB",2007,2,211,373,56.5683646112601,85,"SB","urban",3,2,2,85,1085
"291","SB",2007,3,132,373,35.3887399463807,86,"SB","urban",3,2,2,86,1086
"292","SB",2008,1,0,373,0,87,"SB","urban",3,2,2,87,1087
"293","SB",2008,2,64,373,17.1581769436997,88,"SB","urban",3,2,2,88,1088
"294","SB",2008,3,49,373,13.1367292225201,89,"SB","urban",3,2,2,89,1089
"295","SB",2008,4,27,373,7.23860589812332,90,"SB","urban",3,2,2,90,1090
"296","SB",2009,1,373,373,100,91,"SB","urban",3,2,2,91,1091
"297","SB",2009,3,346,373,92.7613941018767,92,"SB","urban",3,2,2,92,1092
"298","SB",2009,4,113,373,30.2949061662198,93,"SB","urban",3,2,2,93,1093
"299","SB",2010,1,9,373,2.41286863270777,94,"SB","urban",3,2,2,94,1094
"300","SB",2010,2,43,373,11.5281501340483,95,"SB","urban",3,2,2,95,1095
"301","SB",2010,3,75,373,20.1072386058981,96,"SB","urban",3,2,2,96,1096
"302","SB",2010,4,39,373,10.455764075067,97,"SB","urban",3,2,2,97,1097
"303","SB",2011,1,55,373,14.745308310992,98,"SB","urban",3,2,2,98,1098
"304","SB",2011,2,44,373,11.7962466487936,99,"SB","urban",3,2,2,99,1099
"305","SB",2011,3,67,373,17.9624664879357,100,"SB","urban",3,2,2,100,1100
"306","SB",2011,4,37,373,9.91957104557641,101,"SB","urban",3,2,2,101,1101
"307","SB_control",1985,1,1351,1684,80.2256532066508,1,"SB","nonurban",4,1,2,1,1001
"308","SB_control",1985,3,860,1684,51.0688836104513,2,"SB","nonurban",4,1,2,2,1002
"309","SB_control",1986,1,623,1684,36.9952494061758,3,"SB","nonurban",4,1,2,3,1003
"310","SB_control",1986,2,816,1684,48.4560570071259,4,"SB","nonurban",4,1,2,4,1004
"311","SB_control",1986,3,568,1684,33.729216152019,5,"SB","nonurban",4,1,2,5,1005
"312","SB_control",1986,4,963,1684,57.1852731591449,6,"SB","nonurban",4,1,2,6,1006
"313","SB_control",1987,1,207,1684,12.29216152019,7,"SB","nonurban",4,1,2,7,1007
"314","SB_control",1987,2,1321,1684,78.4441805225653,8,"SB","nonurban",4,1,2,8,1008
"315","SB_control",1987,3,666,1684,39.5486935866983,9,"SB","nonurban",4,1,2,9,1009
"316","SB_control",1988,2,328,1684,19.4774346793349,10,"SB","nonurban",4,1,2,10,1010
"317","SB_control",1988,3,697,1684,41.3895486935867,11,"SB","nonurban",4,1,2,11,1011
"318","SB_control",1988,4,454,1684,26.9596199524941,12,"SB","nonurban",4,1,2,12,1012
"319","SB_control",1989,1,359,1684,21.3182897862233,13,"SB","nonurban",4,1,2,13,1013
"320","SB_control",1989,2,978,1684,58.0760095011877,14,"SB","nonurban",4,1,2,14,1014
"321","SB_control",1989,3,145,1684,8.6104513064133,15,"SB","nonurban",4,1,2,15,1015
"322","SB_control",1989,4,979,1684,58.1353919239905,16,"SB","nonurban",4,1,2,16,1016
"323","SB_control",1990,1,318,1684,18.8836104513064,17,"SB","nonurban",4,1,2,17,1017
"324","SB_control",1990,2,983,1684,58.3729216152019,18,"SB","nonurban",4,1,2,18,1018
"325","SB_control",1990,3,681,1684,40.4394299287411,19,"SB","nonurban",4,1,2,19,1019
"326","SB_control",1990,4,501,1684,29.750593824228,20,"SB","nonurban",4,1,2,20,1020
"327","SB_control",1991,2,1209,1684,71.7933491686461,21,"SB","nonurban",4,1,2,21,1021
"328","SB_control",1991,4,1489,1684,88.4204275534442,22,"SB","nonurban",4,1,2,22,1022
"329","SB_control",1992,1,1045,1684,62.0546318289786,23,"SB","nonurban",4,1,2,23,1023
"330","SB_control",1992,3,1684,1684,100,24,"SB","nonurban",4,1,2,24,1024
"331","SB_control",1992,4,988,1684,58.6698337292162,25,"SB","nonurban",4,1,2,25,1025
"332","SB_control",1993,1,86,1684,5.10688836104513,26,"SB","nonurban",4,1,2,26,1026
"333","SB_control",1993,2,1007,1684,59.7980997624703,27,"SB","nonurban",4,1,2,27,1027
"334","SB_control",1993,4,127,1684,7.541567695962,28,"SB","nonurban",4,1,2,28,1028
"335","SB_control",1994,1,46,1684,2.73159144893112,29,"SB","nonurban",4,1,2,29,1029
"336","SB_control",1994,2,1061,1684,63.0047505938242,30,"SB","nonurban",4,1,2,30,1030
"337","SB_control",1994,3,752,1684,44.6555819477435,31,"SB","nonurban",4,1,2,31,1031
"338","SB_control",1994,4,205,1684,12.1733966745843,32,"SB","nonurban",4,1,2,32,1032
"339","SB_control",1995,1,0,1684,0,33,"SB","nonurban",4,1,2,33,1033
"340","SB_control",1995,2,26,1684,1.54394299287411,34,"SB","nonurban",4,1,2,34,1034
"341","SB_control",1995,3,49,1684,2.90973871733967,35,"SB","nonurban",4,1,2,35,1035
"342","SB_control",1995,4,91,1684,5.40380047505938,36,"SB","nonurban",4,1,2,36,1036
"343","SB_control",1996,1,200,1684,11.8764845605701,37,"SB","nonurban",4,1,2,37,1037
"344","SB_control",1996,2,177,1684,10.5106888361045,38,"SB","nonurban",4,1,2,38,1038
"345","SB_control",1996,3,19,1684,1.12826603325416,39,"SB","nonurban",4,1,2,39,1039
"346","SB_control",1996,4,145,1684,8.6104513064133,40,"SB","nonurban",4,1,2,40,1040
"347","SB_control",1997,1,268,1684,15.9144893111639,41,"SB","nonurban",4,1,2,41,1041
"348","SB_control",1997,2,335,1684,19.8931116389549,42,"SB","nonurban",4,1,2,42,1042
"349","SB_control",1997,3,201,1684,11.9358669833729,43,"SB","nonurban",4,1,2,43,1043
"350","SB_control",1997,4,11,1684,0.653206650831354,44,"SB","nonurban",4,1,2,44,1044
"351","SB_control",1998,1,0,1684,0,45,"SB","nonurban",4,1,2,45,1045
"352","SB_control",1998,2,13,1684,0.771971496437055,46,"SB","nonurban",4,1,2,46,1046
"353","SB_control",1998,4,38,1684,2.25653206650831,47,"SB","nonurban",4,1,2,47,1047
"354","SB_control",1999,1,696,1684,41.3301662707838,48,"SB","nonurban",4,1,2,48,1048
"355","SB_control",1999,2,682,1684,40.4988123515439,49,"SB","nonurban",4,1,2,49,1049
"356","SB_control",1999,3,247,1684,14.667458432304,50,"SB","nonurban",4,1,2,50,1050
"357","SB_control",1999,4,1603,1684,95.1900237529691,51,"SB","nonurban",4,1,2,51,1051
"358","SB_control",2000,1,208,1684,12.3515439429929,52,"SB","nonurban",4,1,2,52,1052
"359","SB_control",2000,2,209,1684,12.4109263657957,53,"SB","nonurban",4,1,2,53,1053
"360","SB_control",2000,3,0,1684,0,54,"SB","nonurban",4,1,2,54,1054
"361","SB_control",2000,4,913,1684,54.2161520190024,55,"SB","nonurban",4,1,2,55,1055
"362","SB_control",2001,1,813,1684,48.2779097387173,56,"SB","nonurban",4,1,2,56,1056
"363","SB_control",2001,2,795,1684,47.209026128266,57,"SB","nonurban",4,1,2,57,1057
"364","SB_control",2001,3,181,1684,10.7482185273159,58,"SB","nonurban",4,1,2,58,1058
"365","SB_control",2002,1,730,1684,43.3491686460808,59,"SB","nonurban",4,1,2,59,1059
"366","SB_control",2002,2,555,1684,32.9572446555819,60,"SB","nonurban",4,1,2,60,1060
"367","SB_control",2002,4,483,1684,28.6817102137767,61,"SB","nonurban",4,1,2,61,1061
"368","SB_control",2003,1,264,1684,15.6769596199525,62,"SB","nonurban",4,1,2,62,1062
"369","SB_control",2003,2,289,1684,17.1615201900238,63,"SB","nonurban",4,1,2,63,1063
"370","SB_control",2003,3,423,1684,25.1187648456057,64,"SB","nonurban",4,1,2,64,1064
"371","SB_control",2003,4,672,1684,39.9049881235154,65,"SB","nonurban",4,1,2,65,1065
"372","SB_control",2004,1,793,1684,47.0902612826603,66,"SB","nonurban",4,1,2,66,1066
"373","SB_control",2004,2,1091,1684,64.7862232779097,67,"SB","nonurban",4,1,2,67,1067
"374","SB_control",2004,3,626,1684,37.1733966745843,68,"SB","nonurban",4,1,2,68,1068
"375","SB_control",2004,4,197,1684,11.6983372921615,69,"SB","nonurban",4,1,2,69,1069
"376","SB_control",2005,1,380,1684,22.5653206650831,70,"SB","nonurban",4,1,2,70,1070
"377","SB_control",2005,2,1173,1684,69.6555819477435,71,"SB","nonurban",4,1,2,71,1071
"378","SB_control",2005,3,651,1684,38.6579572446556,72,"SB","nonurban",4,1,2,72,1072
"379","SB_control",2005,4,316,1684,18.7648456057007,73,"SB","nonurban",4,1,2,73,1073
"380","SB_control",2006,1,21,1684,1.24703087885986,74,"SB","nonurban",4,1,2,74,1074
"381","SB_control",2006,2,64,1684,3.80047505938242,75,"SB","nonurban",4,1,2,75,1075
"382","SB_control",2006,3,0,1684,0,76,"SB","nonurban",4,1,2,76,1076
"383","SB_control",2006,4,217,1684,12.8859857482185,77,"SB","nonurban",4,1,2,77,1077
"384","SB_control",2007,1,121,1684,7.18527315914489,78,"SB","nonurban",4,1,2,78,1078
"385","SB_control",2007,2,294,1684,17.458432304038,79,"SB","nonurban",4,1,2,79,1079
"386","SB_control",2007,3,222,1684,13.1828978622328,80,"SB","nonurban",4,1,2,80,1080
"387","SB_control",2008,1,659,1684,39.1330166270784,81,"SB","nonurban",4,1,2,81,1081
"388","SB_control",2008,2,1505,1684,89.3705463182898,82,"SB","nonurban",4,1,2,82,1082
"389","SB_control",2008,3,29,1684,1.72209026128266,83,"SB","nonurban",4,1,2,83,1083
"390","SB_control",2008,4,391,1684,23.2185273159145,84,"SB","nonurban",4,1,2,84,1084
"391","SB_control",2009,1,1655,1684,98.2779097387173,85,"SB","nonurban",4,1,2,85,1085
"392","SB_control",2009,2,419,1684,24.8812351543943,86,"SB","nonurban",4,1,2,86,1086
"393","SB_control",2009,3,701,1684,41.6270783847981,87,"SB","nonurban",4,1,2,87,1087
"394","SB_control",2009,4,158,1684,9.38242280285036,88,"SB","nonurban",4,1,2,88,1088
"395","SB_control",2010,1,139,1684,8.2541567695962,89,"SB","nonurban",4,1,2,89,1089
"396","SB_control",2010,2,537,1684,31.8883610451306,90,"SB","nonurban",4,1,2,90,1090
"397","SB_control",2010,3,515,1684,30.5819477434679,91,"SB","nonurban",4,1,2,91,1091
"398","SB_control",2010,4,825,1684,48.9904988123515,92,"SB","nonurban",4,1,2,92,1092
"399","SB_control",2011,1,286,1684,16.9833729216152,93,"SB","nonurban",4,1,2,93,1093
"400","SB_control",2011,2,167,1684,9.91686460807601,94,"SB","nonurban",4,1,2,94,1094
"401","SB_control",2011,3,294,1684,17.458432304038,95,"SB","nonurban",4,1,2,95,1095
"402","SD",1984,1,0,10522,0,1,"SD","urban",5,2,3,1,2001
"403","SD",1984,2,12,10522,0.11404675917126,2,"SD","urban",5,2,3,2,2002
"404","SD",1984,3,430,10522,4.08667553697016,3,"SD","urban",5,2,3,3,2003
"405","SD",1984,4,7,10522,0.0665272761832351,4,"SD","urban",5,2,3,4,2004
"406","SD",1985,1,415,10522,3.94411708800608,5,"SD","urban",5,2,3,5,2005
"407","SD",1985,2,65,10522,0.617753278844326,6,"SD","urban",5,2,3,6,2006
"408","SD",1985,3,400,10522,3.80155863904201,7,"SD","urban",5,2,3,7,2007
"409","SD",1985,4,291,10522,2.76563390990306,8,"SD","urban",5,2,3,8,2008
"410","SD",1986,1,588,10522,5.58829119939175,9,"SD","urban",5,2,3,9,2009
"411","SD",1986,2,213,10522,2.02432997528987,10,"SD","urban",5,2,3,10,2010
"412","SD",1986,3,516,10522,4.90401064436419,11,"SD","urban",5,2,3,11,2011
"413","SD",1986,4,4675,10522,44.4307165938035,12,"SD","urban",5,2,3,12,2012
"414","SD",1987,1,404,10522,3.83957422543243,13,"SD","urban",5,2,3,13,2013
"415","SD",1987,2,1884,10522,17.9053411898879,14,"SD","urban",5,2,3,14,2014
"416","SD",1987,3,7154,10522,67.9908762592663,15,"SD","urban",5,2,3,15,2015
"417","SD",1987,4,1790,10522,17.011974909713,16,"SD","urban",5,2,3,16,2016
"418","SD",1988,1,0,10522,0,17,"SD","urban",5,2,3,17,2017
"419","SD",1988,2,77,10522,0.731800038015586,18,"SD","urban",5,2,3,18,2018
"420","SD",1988,3,2291,10522,21.7734271051131,19,"SD","urban",5,2,3,19,2019
"421","SD",1988,4,1229,10522,11.6802889184566,20,"SD","urban",5,2,3,20,2020
"422","SD",1989,1,510,10522,4.84698726477856,21,"SD","urban",5,2,3,21,2021
"423","SD",1989,2,5418,10522,51.492111765824,22,"SD","urban",5,2,3,22,2022
"424","SD",1989,3,5724,10522,54.4003041246911,23,"SD","urban",5,2,3,23,2023
"425","SD",1989,4,10522,10522,100,24,"SD","urban",5,2,3,24,2024
"426","SD",1990,1,3570,10522,33.9289108534499,25,"SD","urban",5,2,3,25,2025
"427","SD",1990,2,2245,10522,21.3362478616233,26,"SD","urban",5,2,3,26,2026
"428","SD",1990,3,7585,10522,72.0870556928341,27,"SD","urban",5,2,3,27,2027
"429","SD",1990,4,4264,10522,40.5246150921878,28,"SD","urban",5,2,3,28,2028
"430","SD",1991,1,147,10522,1.39707279984794,29,"SD","urban",5,2,3,29,2029
"431","SD",1991,2,1568,10522,14.9021098650447,30,"SD","urban",5,2,3,30,2030
"432","SD",1991,3,2624,10522,24.9382246721156,31,"SD","urban",5,2,3,31,2031
"433","SD",1991,4,207,10522,1.96730659570424,32,"SD","urban",5,2,3,32,2032
"434","SD",1992,1,527,10522,5.00855350693784,33,"SD","urban",5,2,3,33,2033
"435","SD",1992,2,110,10522,1.04542862573655,34,"SD","urban",5,2,3,34,2034
"436","SD",1992,3,559,10522,5.3126781980612,35,"SD","urban",5,2,3,35,2035
"437","SD",1992,4,1321,10522,12.5546474054362,36,"SD","urban",5,2,3,36,2036
"438","SD",1993,1,279,10522,2.6515871507318,37,"SD","urban",5,2,3,37,2037
"439","SD",1993,2,305,10522,2.89868846226953,38,"SD","urban",5,2,3,38,2038
"440","SD",1993,3,339,10522,3.2218209465881,39,"SD","urban",5,2,3,39,2039
"441","SD",1993,4,546,10522,5.18912754229234,40,"SD","urban",5,2,3,40,2040
"442","SD",1994,1,34,10522,0.323132484318571,41,"SD","urban",5,2,3,41,2041
"443","SD",1994,2,2533,10522,24.0733700817335,42,"SD","urban",5,2,3,42,2042
"444","SD",1994,3,6338,10522,60.2356966356206,43,"SD","urban",5,2,3,43,2043
"445","SD",1994,4,1226,10522,11.6517772286638,44,"SD","urban",5,2,3,44,2044
"446","SD",1995,1,659,10522,6.26306785782171,45,"SD","urban",5,2,3,45,2045
"447","SD",1995,2,1037,10522,9.8555407717164,46,"SD","urban",5,2,3,46,2046
"448","SD",1995,3,2312,10522,21.9730089336628,47,"SD","urban",5,2,3,47,2047
"449","SD",1995,4,403,10522,3.83007032883482,48,"SD","urban",5,2,3,48,2048
"450","SD",1996,1,441,10522,4.19121839954381,49,"SD","urban",5,2,3,49,2049
"451","SD",1996,2,976,10522,9.2758030792625,50,"SD","urban",5,2,3,50,2050
"452","SD",1996,3,2,10522,0.01900779319521,51,"SD","urban",5,2,3,51,2051
"453","SD",1996,4,3262,10522,31.0017107013876,52,"SD","urban",5,2,3,52,2052
"454","SD",1997,1,1447,10522,13.7521383767345,53,"SD","urban",5,2,3,53,2053
"455","SD",1997,2,971,10522,9.22828359627447,54,"SD","urban",5,2,3,54,2054
"456","SD",1997,3,157,10522,1.49211176582399,55,"SD","urban",5,2,3,55,2055
"457","SD",1997,4,0,10522,0,56,"SD","urban",5,2,3,56,2056
"458","SD",1998,1,7,10522,0.0665272761832351,57,"SD","urban",5,2,3,57,2057
"459","SD",1998,2,0,10522,0,58,"SD","urban",5,2,3,58,2058
"460","SD",1998,3,0,10522,0,59,"SD","urban",5,2,3,59,2059
"461","SD",1998,4,22,10522,0.20908572514731,60,"SD","urban",5,2,3,60,2060
"462","SD",1999,1,918,10522,8.72457707660141,61,"SD","urban",5,2,3,61,2061
"463","SD",1999,2,2013,10522,19.1313438509789,62,"SD","urban",5,2,3,62,2062
"464","SD",1999,3,2071,10522,19.68256985364,63,"SD","urban",5,2,3,63,2063
"465","SD",1999,4,5080,10522,48.2797947158335,64,"SD","urban",5,2,3,64,2064
"466","SD",2000,1,1863,10522,17.7057593613381,65,"SD","urban",5,2,3,65,2065
"467","SD",2000,2,0,10522,0,66,"SD","urban",5,2,3,66,2066
"468","SD",2000,3,0,10522,0,67,"SD","urban",5,2,3,67,2067
"469","SD",2000,4,2127,10522,20.2147880631059,68,"SD","urban",5,2,3,68,2068
"470","SD",2001,1,4253,10522,40.4200722296141,69,"SD","urban",5,2,3,69,2069
"471","SD",2001,2,1861,10522,17.6867515681429,70,"SD","urban",5,2,3,70,2070
"472","SD",2001,3,1085,10522,10.3117278084014,71,"SD","urban",5,2,3,71,2071
"473","SD",2001,4,2062,10522,19.5970347842615,72,"SD","urban",5,2,3,72,2072
"474","SD",2002,1,2675,10522,25.4229233985934,73,"SD","urban",5,2,3,73,2073
"475","SD",2002,2,3037,10522,28.8633339669264,74,"SD","urban",5,2,3,74,2074
"476","SD",2002,3,4961,10522,47.1488310207185,75,"SD","urban",5,2,3,75,2075
"477","SD",2002,4,5400,10522,51.3210416270671,76,"SD","urban",5,2,3,76,2076
"478","SD",2003,1,957,10522,9.095229043908,77,"SD","urban",5,2,3,77,2077
"479","SD",2003,2,2633,10522,25.023759741494,78,"SD","urban",5,2,3,78,2078
"480","SD",2003,3,2885,10522,27.4187416840905,79,"SD","urban",5,2,3,79,2079
"481","SD",2003,4,6661,10522,63.305455236647,80,"SD","urban",5,2,3,80,2080
"482","SD",2004,1,3756,10522,35.6966356206044,81,"SD","urban",5,2,3,81,2081
"483","SD",2004,2,2617,10522,24.8716973959323,82,"SD","urban",5,2,3,82,2082
"484","SD",2004,3,749,10522,7.11841855160616,83,"SD","urban",5,2,3,83,2083
"485","SD",2004,4,2963,10522,28.1600456187037,84,"SD","urban",5,2,3,84,2084
"486","SD",2005,1,6460,10522,61.3951720205284,85,"SD","urban",5,2,3,85,2085
"487","SD",2005,2,4645,10522,44.1455996958753,86,"SD","urban",5,2,3,86,2086
"488","SD",2005,3,5794,10522,55.0655768865235,87,"SD","urban",5,2,3,87,2087
"489","SD",2005,4,5103,10522,48.4983843375784,88,"SD","urban",5,2,3,88,2088
"490","SD",2006,1,1132,10522,10.7584109484889,89,"SD","urban",5,2,3,89,2089
"491","SD",2006,2,183,10522,1.73921307736172,90,"SD","urban",5,2,3,90,2090
"492","SD",2006,3,235,10522,2.23341570043718,91,"SD","urban",5,2,3,91,2091
"493","SD",2006,4,557,10522,5.293670404866,92,"SD","urban",5,2,3,92,2092
"494","SD",2007,1,1620,10522,15.3963124881201,93,"SD","urban",5,2,3,93,2093
"495","SD",2007,2,4429,10522,42.0927580307926,94,"SD","urban",5,2,3,94,2094
"496","SD",2007,3,3080,10522,29.2720015206235,95,"SD","urban",5,2,3,95,2095
"497","SD",2008,1,3631,10522,34.5086485459038,96,"SD","urban",5,2,3,96,2096
"498","SD",2008,2,3026,10522,28.7587911043528,97,"SD","urban",5,2,3,97,2097
"499","SD",2008,3,355,10522,3.37388329214978,98,"SD","urban",5,2,3,98,2098
"500","SD",2008,4,4275,10522,40.6291579547615,99,"SD","urban",5,2,3,99,2099
"501","SD",2009,1,9191,10522,87.3503136285877,100,"SD","urban",5,2,3,100,2100
"502","SD",2009,2,3602,10522,34.2330355445733,101,"SD","urban",5,2,3,101,2101
"503","SD",2009,3,5613,10522,53.345371602357,102,"SD","urban",5,2,3,102,2102
"504","SD",2009,4,2382,10522,22.6382816954952,103,"SD","urban",5,2,3,103,2103
"505","SD",2010,1,1122,10522,10.6633719825128,104,"SD","urban",5,2,3,104,2104
"506","SD",2010,2,1388,10522,13.1914084774758,105,"SD","urban",5,2,3,105,2105
"507","SD",2010,3,4576,10522,43.4898308306406,106,"SD","urban",5,2,3,106,2106
"508","SD",2010,4,7963,10522,75.6795286067288,107,"SD","urban",5,2,3,107,2107
"509","SD",2011,1,346,10522,3.28834822277134,108,"SD","urban",5,2,3,108,2108
"510","SD",2011,2,109,10522,1.03592472913895,109,"SD","urban",5,2,3,109,2109
"511","SD",2011,3,2977,10522,28.2931001710701,110,"SD","urban",5,2,3,110,2110
"512","SD",2011,4,776,10522,7.37502375974149,111,"SD","urban",5,2,3,111,2111
"513","SD_control",1984,2,0,431,0,1,"SD","nonurban",6,1,3,1,2001
"514","SD_control",1985,3,90,431,20.8816705336427,2,"SD","nonurban",6,1,3,2,2002
"515","SD_control",1985,4,0,431,0,3,"SD","nonurban",6,1,3,3,2003
"516","SD_control",1986,2,431,431,100,4,"SD","nonurban",6,1,3,4,2004
"517","SD_control",1986,4,90,431,20.8816705336427,5,"SD","nonurban",6,1,3,5,2005
"518","SD_control",1987,2,0,431,0,6,"SD","nonurban",6,1,3,6,2006
"519","SD_control",1987,3,243,431,56.3805104408353,7,"SD","nonurban",6,1,3,7,2007
"520","SD_control",1988,2,0,431,0,8,"SD","nonurban",6,1,3,8,2008
"521","SD_control",1988,3,19,431,4.40835266821346,9,"SD","nonurban",6,1,3,9,2009
"522","SD_control",1989,3,72,431,16.7053364269142,10,"SD","nonurban",6,1,3,10,2010
"523","SD_control",1989,4,154,431,35.7308584686775,11,"SD","nonurban",6,1,3,11,2011
"524","SD_control",1990,2,351,431,81.4385150812065,12,"SD","nonurban",6,1,3,12,2012
"525","SD_control",1990,3,319,431,74.0139211136891,13,"SD","nonurban",6,1,3,13,2013
"526","SD_control",1992,2,8,431,1.85614849187935,14,"SD","nonurban",6,1,3,14,2014
"527","SD_control",1992,3,87,431,20.1856148491879,15,"SD","nonurban",6,1,3,15,2015
"528","SD_control",1992,4,28,431,6.49651972157773,16,"SD","nonurban",6,1,3,16,2016
"529","SD_control",1993,2,214,431,49.6519721577726,17,"SD","nonurban",6,1,3,17,2017
"530","SD_control",1993,4,141,431,32.7146171693735,18,"SD","nonurban",6,1,3,18,2018
"531","SD_control",1994,1,23,431,5.33642691415313,19,"SD","nonurban",6,1,3,19,2019
"532","SD_control",1994,3,225,431,52.2041763341067,20,"SD","nonurban",6,1,3,20,2020
"533","SD_control",1994,4,0,431,0,21,"SD","nonurban",6,1,3,21,2021
"534","SD_control",1995,3,78,431,18.0974477958237,22,"SD","nonurban",6,1,3,22,2022
"535","SD_control",1996,1,101,431,23.4338747099768,23,"SD","nonurban",6,1,3,23,2023
"536","SD_control",1996,2,86,431,19.953596287703,24,"SD","nonurban",6,1,3,24,2024
"537","SD_control",1996,3,1,431,0.232018561484919,25,"SD","nonurban",6,1,3,25,2025
"538","SD_control",1996,4,0,431,0,26,"SD","nonurban",6,1,3,26,2026
"539","SD_control",1997,1,0,431,0,27,"SD","nonurban",6,1,3,27,2027
"540","SD_control",1997,3,0,431,0,28,"SD","nonurban",6,1,3,28,2028
"541","SD_control",1997,4,0,431,0,29,"SD","nonurban",6,1,3,29,2029
"542","SD_control",1998,1,0,431,0,30,"SD","nonurban",6,1,3,30,2030
"543","SD_control",1998,2,0,431,0,31,"SD","nonurban",6,1,3,31,2031
"544","SD_control",1998,4,0,431,0,32,"SD","nonurban",6,1,3,32,2032
"545","SD_control",1999,1,34,431,7.88863109048724,33,"SD","nonurban",6,1,3,33,2033
"546","SD_control",2001,1,0,431,0,34,"SD","nonurban",6,1,3,34,2034
"547","SD_control",2001,3,86,431,19.953596287703,35,"SD","nonurban",6,1,3,35,2035
"548","SD_control",2002,3,3,431,0.696055684454756,36,"SD","nonurban",6,1,3,36,2036
"549","SD_control",2003,3,11,431,2.55220417633411,37,"SD","nonurban",6,1,3,37,2037
"550","SD_control",2003,4,0,431,0,38,"SD","nonurban",6,1,3,38,2038
"551","SD_control",2004,3,0,431,0,39,"SD","nonurban",6,1,3,39,2039
"552","SD_control",2005,1,6,431,1.39211136890951,40,"SD","nonurban",6,1,3,40,2040
"553","SD_control",2005,2,66,431,15.3132250580046,41,"SD","nonurban",6,1,3,41,2041
"554","SD_control",2005,3,36,431,8.35266821345708,42,"SD","nonurban",6,1,3,42,2042
"555","SD_control",2006,3,0,431,0,43,"SD","nonurban",6,1,3,43,2043
"556","SD_control",2006,4,0,431,0,44,"SD","nonurban",6,1,3,44,2044
"557","SD_control",2007,2,117,431,27.1461716937355,45,"SD","nonurban",6,1,3,45,2045
"558","SD_control",2007,3,109,431,25.2900232018561,46,"SD","nonurban",6,1,3,46,2046
"559","SD_control",2009,3,0,431,0,47,"SD","nonurban",6,1,3,47,2047
"560","SD_control",2011,4,21,431,4.87238979118329,48,"SD","nonurban",6,1,3,48,2048
